molecule_chembl_id,canonical_smiles,bioactivity_class,standard_value
CHEMBL4460859,Nc1ncnc2c1c(I)nn2C1CC(N)C(O)C1O,1,0.06
CHEMBL330432,NCC1OC(n2cc(I)c3c(Cl)ncnc32)C(O)C1O,1,0.1
CHEMBL370164,CC1OC(n2cc(-c3ccccc3)c3c(NCC(=O)Nc4ccc(Cl)cc4)ncnc32)C(O)C1O,1,0.2
CHEMBL99707,NCC1OC(n2cc(Br)c3c(N)ncnc32)C(O)C1O,1,0.2
CHEMBL194294,OC1C(n2cc(-c3ccccc3)c3c(Nc4ccc(F)cc4)ncnc32)OC2(CC2)C1O,1,0.3
CHEMBL343247,OCC1OC(n2cc(-c3ccccc3)c3c(Nc4ccccc4)ncnc32)C(O)C1O,1,0.47
CHEMBL370011,CC1OC(n2cc(-c3ccccc3)c3c(NCC(=S)NC4CC4)ncnc32)C(O)C1O,1,0.5
CHEMBL100421,CC1OC(n2cc(-c3ccccc3)c3c(Nc4ccccc4)ncnc32)C(O)C1O,1,0.5
CHEMBL426472,CC1OC(n2cc(-c3ccccc3)c3c(NCC(=O)Nc4ccccc4)ncnc32)C(O)C1O,1,0.5
CHEMBL322611,NCC1OC(n2cc(I)c3c(N)ncnc32)C(O)C1O,1,0.6
CHEMBL200169,O=C(CNc1ncnc2c1c(-c1ccccc1)cn2C1OCC(O)C1O)Nc1ccccc1,1,0.6
CHEMBL436598,CC1OC(n2cc(-c3ccccc3)c3c(Nc4ccccc4)ncnc32)C(O)C1O,1,0.8
CHEMBL200630,CNC(=O)CNc1ncnc2c1c(-c1ccccc1)cn2C1OC(C)C(O)C1O,1,0.8
CHEMBL319315,OCC1OC(n2cc(-c3ccccc3)c3c(Nc4ccccc4)ncnc32)C(O)C1O,1,0.8
CHEMBL66280,CC1OC(n2cc(I)c3c(N)ncnc32)C(O)C1O,1,0.9
CHEMBL198566,O=C(CNc1ncnc2c1c(-c1ccccc1)nn2C1OC(CO)C(O)C1O)Nc1ccccc1,1,0.9
CHEMBL328826,CC1OC(n2c(Br)c(-c3ccccc3)c3c(Nc4ccccc4)ncnc32)C(O)C1O,1,1.0
CHEMBL98551,CC1OC(n2cc(-c3ccccc3)c3c(Nc4ccc(O)cc4)ncnc32)C(O)C1O,1,1.0
CHEMBL438449,CC1OC(n2cc(-c3ccccc3)c3c(NCC(=O)NC4CCCC4)ncnc32)C(O)C1O,1,1.0
CHEMBL174158,c1ccc(CN2CC3CCCN(c4ncnc5oc(-c6ccccc6)nc45)C3C2)cc1,1,1.0
CHEMBL369374,c1ccc(CN2CCC3CN(c4ncnc5oc(-c6ccncc6)nc45)CC32)cc1,1,1.0
CHEMBL370218,Cc1ccccc1-c1cn(C2OCC(O)C2O)c2ncnc(Nc3ccc4c(c3)OCCO4)c12,1,1.0
CHEMBL317603,COc1ccc(-c2cn(C3OC(C)C(O)C3O)c3ncnc(Nc4ccc(C#N)cc4)c23)cc1,1,1.0
CHEMBL366908,Fc1ccc(CN2CCCN(c3ncnc4oc(-c5ccccc5)nc34)CC2)cc1,1,1.0
CHEMBL318918,CC1OC(n2cc(-c3ccc(Cl)cc3)c3c(Nc4ccccc4)ncnc32)C(O)C1O,1,1.2
CHEMBL372796,CC1OC(n2cc(-c3ccccc3)c3c(NC(=O)C(=O)NC4CC4)ncnc32)C(O)C1O,1,1.3
CHEMBL370654,CC1OC(n2cc(-c3ccccc3)c3c(NCC(=O)NC4CCC4)ncnc32)C(O)C1O,1,1.3
CHEMBL98867,[N-]=[N+]=NCC1OC(n2cc(-c3ccccc3)c3c(Nc4ccccc4)ncnc32)C(O)C1O,1,1.5
CHEMBL360273,c1ccc(CN2CCC3CN(c4ncnc5oc(-c6ccccc6)nc45)CC32)cc1,1,1.5
CHEMBL318929,Cc1ccc(Nc2ncnc3c2c(-c2ccccc2)cn3C2OC(C)C(O)C2O)cc1,1,1.5
CHEMBL344529,OCC1OC(n2cc(-c3ccccc3)c3c(Nc4ccc(F)cc4)ncnc32)C(O)C1O,1,1.5
CHEMBL197112,CC1OC(n2cc(-c3ccccc3)c3c(NCC(N)=O)ncnc32)C(O)C1O,1,2.0
CHEMBL435120,CCOc1ccc(-c2cn(C3OCC(O)C3O)c3ncnc(Nc4ccc(C#N)cc4)c23)cc1,1,2.0
CHEMBL371704,CCOc1cccc(Nc2ncnc3c2c(-c2ccccc2)cn3C2OCC(O)C2O)c1,1,2.0
CHEMBL200575,COCCCNC(=O)CNc1ncnc2c1c(-c1ccccc1)cn2C1OC(C)C(O)C1O,1,2.0
CHEMBL317818,CC1OC(n2cc(-c3ccccc3)c3c(Nc4ccc(Cl)cc4)ncnc32)C(O)C1O,1,2.3
CHEMBL338508,Nc1ncnc(C#Cc2ccc(N3CCOCC3)nc2)c1CCCc1ccccc1,1,2.5
CHEMBL432062,CC1OC(n2cc(-c3ccc(Cl)cc3)c3c(Nc4ccc(Cl)cc4)ncnc32)C(O)C1O,1,2.7
CHEMBL101805,Nc1ncnc2nc(-c3ccc(N4CCC(COC5CCOCC5)CC4)nn3)cc(-c3cccc(Br)c3)c12,1,2.8
CHEMBL141327,OCC1OC(n2nc(-c3ccccc3)c3c(Nc4ccccc4)ncnc32)C(O)C1O,1,2.8
CHEMBL371909,CC1OC(n2cc(-c3ccccc3)c3c(NCC(=O)NC4CC4)ncnc32)C(O)C1O,1,3.0
CHEMBL329724,CC1OC(n2cc(I)c3c(Cl)ncnc32)C(O)C1O,1,3.0
CHEMBL197756,CCOc1ccc(Nc2ncnc3c2c(-c2ccccc2)cn3C2OCC(O)C2O)cc1,1,3.0
CHEMBL225695,CN(C)c1ccc(C#Cc2ncnc(N)c2-c2ccc(Br)cc2)cc1,1,3.0
CHEMBL225633,CN(C)c1ccc(C#Cc2ncnc(N)c2-c2ccc(Cl)cc2)cc1,1,3.0
CHEMBL225671,Nc1ncnc(C#Cc2ccc(N3CCOCC3)nc2)c1-c1ccc(Cl)cc1,1,3.0
CHEMBL198635,O=C(CNc1ncnc2c1c(-c1ccccc1)cn2C1OC(CO)C(O)C1O)NC1CC1,1,3.0
CHEMBL99565,CC1OC(n2cc(-c3ccco3)c3c(Nc4ccccc4)ncnc32)C(O)C1O,1,3.6
CHEMBL371044,CC(C)CNC(=O)CNc1ncnc2c1c(-c1ccccc1)cn2C1OC(C)C(O)C1O,1,4.0
CHEMBL435123,CCCOC(=O)Nc1ncnc2c1c(-c1ccccc1)cn2C1OC(C)C(O)C1O,1,4.0
CHEMBL356141,NCC1OC(n2nc(Br)c3c(N)ncnc32)C(O)C1O,1,4.0
CHEMBL364049,OC1COC(n2cc(-c3ccccc3)c3c(Nc4ccc5c(c4)OCCO5)ncnc32)C1O,1,4.0
CHEMBL373218,OC1COC(n2cc(-c3ccccc3)c3c(Nc4ccccc4)ncnc32)C1O,1,4.0
CHEMBL62342,COC1CCCN1c1ccc(-c2cc(-c3cccc(Br)c3)c3c(N)ncnc3n2)cn1,1,4.12
CHEMBL438796,CCONC(=O)CNc1ncnc2c1c(-c1ccccc1)cn2C1OC(C)C(O)C1O,1,5.0
CHEMBL226392,CN(C)c1ccc(C#Cc2ncnc(N)c2-c2ccc(N(C)C)cc2)cc1,1,5.0
CHEMBL381682,OC1COC(n2cc(-c3ccccc3)c3c(Nc4ccc(Br)cc4)ncnc32)C1O,1,5.0
CHEMBL196483,CCOc1ccc(-c2cn(C3OCC(O)C3O)c3ncnc(Nc4ccccc4OC)c23)cc1,1,5.3
CHEMBL381229,CC1OC(n2cc(-c3ccccc3)c3c(NCC(=O)NCC4CC4)ncnc32)C(O)C1O,1,6.0
CHEMBL436096,CC1OC(n2nc(-c3ccccc3)c3c(NCC(=O)NC4CC4)ncnc32)C(O)C1O,1,6.0
CHEMBL225670,CN(C)c1ccc(C#Cc2ncnc(N)c2-c2ccc(Cl)cc2)cn1,1,6.0
CHEMBL387630,CN(C)c1ccc(C#Cc2ncnc(N3CCOCC3)c2-c2ccc(Cl)cc2)cc1,1,6.0
CHEMBL98744,COc1ccc(Nc2ncnc3c2c(-c2ccccc2)cn3C2OC(C)C(O)C2O)cc1,1,6.0
CHEMBL194952,Nc1ncnc2c1c(I)cn2C1OCC(O)C1O,1,6.0
CHEMBL197801,OC1COC(n2cc(-c3ccccc3)c3c(Nc4ccc(F)cc4)ncnc32)C1O,1,6.0
CHEMBL99829,NCC1OC(n2cc(-c3ccccc3)c3c(Nc4ccccc4)ncnc32)C(O)C1O,1,6.3
CHEMBL200219,CCCNC(=O)CNc1ncnc2c1c(-c1ccccc1)cn2C1OC(C)C(O)C1O,1,7.0
CHEMBL198143,N#Cc1ccc(Nc2ncnc3c2c(-c2ccc(Cl)cc2)cn3C2OCC(O)C2O)cc1,1,7.0
CHEMBL102989,CCOC1CN(c2ccc(-c3cc(-c4cccc(Br)c4)c4c(N)ncnc4n3)nn2)CC1OCC,1,7.2
CHEMBL185372,CN(C)c1ccc(C#Cc2ncnc3c2c(-c2cccc(Br)c2)nn3C)cn1,1,7.5
CHEMBL319197,N#CC1CN(c2ccc(-c3cc(-c4cccc(Br)c4)c4c(N)ncnc4n3)cn2)CC1O,1,7.5
CHEMBL104983,Nc1ncnc2nc(-c3ccc(N4CC5CC4CO5)nc3)cc(-c3cccc(Br)c3)c12,1,7.5
CHEMBL226504,CN(C)c1ccc(C#Cc2ncnc(N3CCNCC3)c2-c2ccc(Cl)cc2)cc1,1,8.0
CHEMBL372666,COc1ccc(-c2cc3c(N)ncnc3nc2-c2cccs2)cc1Br,1,8.0
CHEMBL103909,Nc1ncnc2nc(-c3ccc(N4CCC(O)(C5CCOC5=O)CC4)nc3)cc(-c3cccc(Br)c3)c12,1,8.1
CHEMBL449407,[N-]=[N+]=NCC1OC(n2cc(I)c3c(Cl)ncnc32)C(O)C1O,1,9.0
CHEMBL193286,Cc1ccc(-c2cc3c(N)ncnc3nc2-c2cccs2)cc1,1,9.0
CHEMBL386316,CN(C)c1ccc(C#Cc2ncnc(N)c2-c2ccc3c(c2)OCO3)cc1,1,9.0
CHEMBL99025,COc1ccc(Nc2ncnc3c2c(-c2ccco2)cn3C2OC(C)C(O)C2O)cc1,1,9.0
CHEMBL225781,Nc1ncnc(C#Cc2ccc(N3CCCCC3)nc2)c1-c1ccc(Cl)cc1,1,9.0
CHEMBL177664,c1ccc(CCNc2ncnc3oc(-c4ccccc4)nc23)cc1,1,10.0
CHEMBL435552,c1ccc(CN2CC3CN(c4ncnc5oc(-c6ccccc6)nc45)CC3C2)cc1,1,10.0
CHEMBL177368,c1ccc(CN2CCN(c3ncnc4oc(-c5ccccc5)nc34)CC2)cc1,1,10.0
CHEMBL177663,c1ccc(CNc2ncnc3oc(-c4ccccc4)nc23)cc1,1,10.0
CHEMBL175626,CCCCNc1ncnc2oc(-c3ccccc3)nc12,1,10.0
CHEMBL389409,CN(C)c1ccc(C#Cc2ncnc(N)c2-c2cccc(Cl)c2)cc1,1,10.0
CHEMBL366539,CN(C)c1ccc(-c2nc3c(N4CC5CCN(Cc6ccccc6)C5C4)ncnc3o2)cn1,1,10.0
CHEMBL177317,COCCNc1ncnc2oc(-c3ccccc3)nc12,1,10.0
CHEMBL177680,Fc1ccc(-c2ccc(-c3nc4c(N5CC6CCN(Cc7ccccc7)C6C5)ncnc4o3)cc2)cc1,1,10.0
CHEMBL387486,Nc1ccc(C#Cc2ncnc(N)c2-c2ccc(Cl)cc2)cc1,1,10.0
CHEMBL380998,Nc1cccc(-c2cn(C3OCC(O)C3O)c3ncnc(Nc4ccc(F)cc4)c23)c1,1,10.0
CHEMBL116872,Nc1ncnc2nc(-c3ccc(N4CCOCC4)nc3)cc(NCc3c[nH]c4ccccc34)c12,1,10.0
CHEMBL200457,O=C(CNc1ncnc2c1c(-c1ccccc1)nn2C1OC(CO)C(O)C1O)NC1CC1,1,10.0
CHEMBL368003,O=C(Nc1ccc(-c2nc3c(N4CC5CCN(Cc6ccccc6)C5C4)ncnc3o2)cc1)c1ccc(C(F)(F)F)cc1,1,10.0
CHEMBL177314,O=C(Nc1cccc(-c2nc3c(N4CC5CCN(Cc6ccccc6)C5C4)ncnc3o2)c1)c1ccc(C(F)(F)F)cc1,1,10.0
CHEMBL106386,CCOC1CCN(c2ccc(-c3cc(-c4cccc(Br)c4)c4c(N)ncnc4n3)nn2)CC1,1,10.4
CHEMBL225696,Cc1ccc(-c2c(N)ncnc2C#Cc2ccc(N(C)C)cc2)cc1,1,13.0
CHEMBL225782,Nc1ncnc(C#Cc2ccc(N3CCOCC3)nc2)c1-c1cccs1,1,13.0
CHEMBL318645,CC1OC(n2cc(-c3ccccc3)c3c(Nc4ccc(C#N)cc4)ncnc32)C(O)C1O,1,14.0
CHEMBL427272,CNc1ncnc(C#Cc2ccc(N(C)C)cc2)c1-c1ccc(Cl)cc1,1,14.0
CHEMBL225887,Nc1ccc(C#Cc2ncnc(N)c2-c2ccc(Cl)cc2)cn1,1,14.0
CHEMBL358584,COCC1OC(n2cc(-c3ccccc3)c3c(Nc4ccccc4)ncnc32)C(O)C1O,1,15.0
CHEMBL197072,CC1OC(n2cc(-c3ccccc3)c3c(NCC(=O)NCCCO)ncnc32)C(O)C1O,1,16.0
CHEMBL375294,CN(C)c1ccc(C#Cc2ncnc(N)c2-c2cccc([N+](=O)[O-])c2)cc1,1,16.0
CHEMBL144936,NCC1OC(n2cc(I)c3c(N)ncnc32)C(O)C1O,1,16.0
CHEMBL388192,COc1ccc(-c2c(N)ncnc2C#Cc2ccc(N(C)C)cc2)cc1,1,18.0
CHEMBL102524,CON=C1CCN(c2ccc(-c3cc(-c4cccc(Br)c4)c4c(N)ncnc4n3)nn2)CC1,1,18.8
CHEMBL364496,OCC1OC(n2c(Nc3ccccc3)nc3c(N4CCc5ccccc54)ncnc32)C(O)C1O,1,19.0
CHEMBL191161,CN(C)c1ccc(-c2nc3ncnc(N)c3cc2-c2ccc(Br)cc2)cc1,1,20.0
CHEMBL200196,O=C(CNc1ncnc2c1c(-c1ccccc1)cn2C1OCC(O)C1O)NC1CC1,1,20.0
CHEMBL183535,Brc1cccc(-c2[nH]nc3ncnc(C#Cc4ccc(N5CCOCC5)nc4)c23)c1,1,22.0
CHEMBL225705,CC(C)c1ccc(-c2c(N)ncnc2C#Cc2ccc(N(C)C)cc2)cc1,1,22.0
CHEMBL120650,Nc1ncnc(C#Cc2ccc(N3CCOCC3)nc2)c1Cc1cccc(Br)c1,1,22.0
CHEMBL356339,Nc1ncnc2nc(-c3ccc(N4CCOCC4)nc3)cc(NCCc3c[nH]c4ccccc34)c12,1,23.0
CHEMBL328824,OCC1OC(n2cc(I)c3c(Cl)ncnc32)C(O)C1O,1,24.0
CHEMBL99536,CC1OC(n2cc(-c3ccccc3)c3c(Nc4cccnc4)ncnc32)C(O)C1O,1,25.0
CHEMBL425752,CC(C)NC(=O)CNc1ncnc2c1c(-c1ccccc1)cn2C1OC(C)C(O)C1O,1,25.0
CHEMBL390827,Cc1ccc(C#Cc2ncnc(N)c2-c2ccc(Cl)cc2)cc1,1,25.0
CHEMBL150478,COc1ccc(-c2c(-c3cccs3)nc3ncnc(N)c3c2-c2cc(Br)cs2)cc1OC,1,25.0
CHEMBL100262,CC1OC(n2cc(-c3ccc(F)cc3)c3c(Nc4ccc(F)cc4)ncnc32)C(O)C1O,1,26.0
CHEMBL376844,CN(C)c1cc(C#Cc2ncnc(N)c2-c2ccc3c(c2)OCO3)cnc1N1CCOCC1,1,26.0
CHEMBL99203,Nc1ncnc2c1c(I)cn2C1OC(CO)C(O)C1O,1,26.0
CHEMBL198972,CNC(=O)Nc1ncnc2c1c(-c1ccccc1)cn2C1OC(C)C(O)C1O,1,27.0
CHEMBL65665,Nc1ncnc2nc(-c3ccc(N4CCC5(CC4)OCCO5)nc3)cc(-c3cccc(Br)c3)c12,1,28.3
CHEMBL316668,CC1OC(n2cc(-c3ccccc3)c3c(NCc4ccccc4)ncnc32)C(O)C1O,1,30.0
CHEMBL120976,CN(Cc1ccccc1)c1c(N)ncnc1C#Cc1ccc(N2CCOCC2)nc1,1,30.0
CHEMBL174700,O=C(Nc1ccc(-c2nc3c(N4CC5CCN(Cc6ccccc6)C5C4)ncnc3o2)cc1)C1CC1,1,30.0
CHEMBL322448,CC(=NOC1CCOCC1)C1(O)CCN(c2ccc(-c3cc(-c4cccc(Br)c4)c4c(N)ncnc4n3)cn2)CC1,1,31.7
CHEMBL68748,CN(C)c1ccc(-c2cc(-c3cccc(Br)c3)c3c(N)ncnc3n2)cn1,1,32.0
CHEMBL192887,COc1ccc(-c2cc3c(N)ncnc3nc2-c2ccc(N(C)C)cc2)cc1Br,1,33.0
CHEMBL62974,Nc1ncnc2nc(-c3ccc(N4CCC(O)CC4)nc3)cc(-c3cccc(Br)c3)c12,1,33.0
CHEMBL422122,NCC1OC(n2cc(-c3ccccc3)c3c(Nc4ccccc4)ncnc32)C(O)C1O,1,36.0
CHEMBL189575,COc1ccc(-c2cc3c(N)ncnc3nc2-c2cccs2)cc1OC,1,38.0
CHEMBL371950,COCCNC(=O)CNc1ncnc2c1c(-c1ccccc1)cn2C1OC(C)C(O)C1O,1,38.0
CHEMBL225729,CC(=O)N1CCN(c2ccc(C#Cc3ncnc(N)c3-c3ccc(Cl)cc3)cn2)CC1,1,39.0
CHEMBL98909,CC1OC(n2cc(Br)c3c(N)ncnc32)C(O)C1O,1,40.0
CHEMBL381407,CCNC(=O)CNc1ncnc2c1c(-c1ccccc1)cn2C1OC(C)C(O)C1O,1,40.0
CHEMBL368401,COCC(=O)Nc1ccc(-c2nc3c(N4CC5CCN(Cc6ccccc6)C5C4)ncnc3o2)cc1,1,40.0
CHEMBL175074,COCC(=O)Nc1cccc(-c2nc3c(N4CC5CCN(Cc6ccccc6)C5C4)ncnc3o2)c1,1,40.0
CHEMBL420879,Nc1ncnc(C#Cc2ccc(N3CCOCC3)nc2)c1Cc1ccccc1,1,40.0
CHEMBL4441282,Nc1ncnc2c1c(I)nn2C1OC(CO)C(O)C1O,1,40.0
CHEMBL356758,NCC1OC(n2nc(-c3ccccc3)c3c(Nc4ccccc4)ncnc32)C(O)C1O,1,42.0
CHEMBL62524,CN(Cc1cccnc1)c1ccc(-c2cc(-c3cccc(Br)c3)c3c(N)ncnc3n2)cn1,1,42.3
CHEMBL62576,Nc1ncnc2nc(-c3ccc(N4CCSCC4)nc3)cc(-c3cccc(Br)c3)c12,1,42.5
CHEMBL225773,Nc1ncnc(C#Cc2cccs2)c1-c1ccc(Cl)cc1,1,43.0
CHEMBL442002,CC1CC(O)C(n2cc(-c3ccccc3)c3c(Nc4ccccc4)ncnc32)O1,1,44.0
CHEMBL200620,CC1OC(n2cc(-c3ccccc3)c3c(NCC4CC4)ncnc32)C(O)C1O,1,45.0
CHEMBL191679,COc1ccc(-c2cc3c(N)ncnc3nc2-c2ccc(N(C)C)cc2)cc1OC,1,45.0
CHEMBL95481,CSc1ncnc2c1c(I)cn2C1OC(C)C(O)C1O,1,45.0
CHEMBL225834,Nc1ncnc(C#Cc2ccc(N3CCOCC3)nn2)c1-c1ccc(Cl)cc1,1,45.0
CHEMBL302404,Nc1ncnc2nc(-c3ccc(N4CCCC4)nc3)cc(-c3cccc(Br)c3)c12,1,45.0
CHEMBL189161,Cc1ccc(-c2cc3c(N)ncnc3nc2-c2ccsc2)cc1,1,47.0
CHEMBL99062,Cc1nc(Nc2ccccc2)c2c(-c3ccccc3)cn(C3OC(C)C(O)C3O)c2n1,1,47.0
CHEMBL348712,Nc1ncnc2nc(-c3cccs3)c(-c3ccccc3)c(-c3ccccc3)c12,1,49.0
CHEMBL98910,CC1OC(n2cc(Br)c3c(Cl)ncnc32)C(O)C1O,1,50.0
CHEMBL225877,CC(C)c1ccc(C#Cc2ncnc(N)c2-c2ccc(Cl)cc2)cc1,1,50.0
CHEMBL362464,Nc1ccc(-c2nc3c(N4CC5CCN(Cc6ccccc6)C5C4)ncnc3o2)cc1,1,50.0
CHEMBL66089,Nc1ncnc2nc(-c3ccc(N4CCOCC4)nc3)cc(-c3cccc(Br)c3)c12,1,50.0
CHEMBL189105,CC1OC(n2cc(-c3ccccc3)c3c(N4CCc5ccccc54)ncnc32)C(O)C1O,1,51.0
CHEMBL103812,Nc1ncnc2nc(-c3ccc(N4CCC(=NOC5CCOCC5)CC4)nn3)cc(-c3cccc(Br)c3)c12,1,52.0
CHEMBL151448,CN(C)c1ccc(-c2nc3ncnc(N)c3c(-c3ccccc3)c2-c2ccccc2)cn1,1,53.0
CHEMBL362987,C=Cc1nc2c(N3CCc4ccccc43)ncnc2n1C1OC(CO)C(O)C1O,1,60.0
CHEMBL97494,CCC1OC(n2cc(I)c3c(N)ncnc32)C(O)C1O,1,60.0
CHEMBL225707,Nc1ncnc(C#Cc2ccccc2)c1-c1ccc(Cl)cc1,1,60.0
CHEMBL199371,O=C(CNc1ncnc2c1c(-c1ccccc1)cn2COCCO)Nc1ccc(Cl)cc1,1,60.0
CHEMBL174992,O=C(Nc1cccc(-c2nc3c(N4CC5CCN(Cc6ccccc6)C5C4)ncnc3o2)c1)C1CC1,1,60.0
CHEMBL97437,[N-]=[N+]=NCC1OC(n2cc(Br)c3c(N)ncnc32)C(O)C1O,1,63.0
CHEMBL216697,CN(C)c1ccc(-c2c(N)ncnc2C#Cc2ccc(N3CCOCC3)nc2)cc1,1,68.0
CHEMBL356952,Nc1ncnc2c1c(I)cn2C1OC(CO)C(O)C1O,1,68.0
CHEMBL175440,Clc1ccc(-c2nc3c(N4CC5CCN(Cc6ccccc6)C5C4)ncnc3o2)cn1,1,70.0
CHEMBL189576,CN(C)c1ccc(-c2nc3ncnc(N)c3cc2-c2cccc(Br)c2)cc1,1,70.0
CHEMBL318056,CSc1cn(C2OC(C)C(O)C2O)c2ncnc(Cl)c12,1,70.0
CHEMBL361797,O=C(Cc1ccccc1)Nc1ccc(-c2nc3c(N4CC5CCN(Cc6ccccc6)C5C4)ncnc3o2)cc1,1,70.0
CHEMBL175041,O=C(Nc1ccc(-c2nc3c(N4CC5CCN(Cc6ccccc6)C5C4)ncnc3o2)cc1)c1ccccc1,1,70.0
CHEMBL65664,Nc1ncnc2nc(-c3ccc(N4CCC(=NOC5CCOCC5)CC4)nc3)cc(-c3cccc(Br)c3)c12,1,70.9
CHEMBL182969,c1ccc(CCCNc2ncnc3nc(-c4ccc(N5CCOCC5)nc4)cnc23)cc1,1,72.0
CHEMBL183671,CN(C)c1ccc(C#Cc2ncnc3[nH]nc(-c4cccc(Br)c4)c23)cn1,1,75.0
CHEMBL387629,CN(C)c1ccc(C#Cc2ncnc(NCCc3c[nH]cn3)c2-c2ccc(Cl)cc2)cc1,1,80.0
CHEMBL225672,COCCN(C)c1ccc(C#Cc2ncnc(N)c2-c2ccc(Cl)cc2)cn1,1,80.0
CHEMBL103729,COCCOC1CCN(c2ccc(-c3cc(-c4cccc(Br)c4)c4c(N)ncnc4n3)nn2)CC1,1,81.9
CHEMBL182321,c1ccc(CCCCNc2ncnc3nc(-c4ccc(N5CCOCC5)nc4)cnc23)cc1,1,82.0
CHEMBL181551,Cn1nc(-c2cccc(Br)c2)c2c(C#Cc3ccc(N4CCOCC4)nc3)ncnc21,1,82.0
CHEMBL4578381,CC1C(O)C(O)C2(n3cc(-c4ccccc4)c4c(Nc5ccccc5)ncnc43)CC12,1,88.0
CHEMBL225679,CC(C)NC(=O)Nc1cc(C#Cc2ncnc(N)c2-c2ccc3c(c2)OCO3)cnc1N1CCOCC1,1,88.0
CHEMBL317711,Nc1ncnc2nc(-c3ccc(N4CCC(CCOC5CCOCC5)CC4)nn3)cc(-c3cccc(Br)c3)c12,1,89.5
CHEMBL425500,c1ccc(CN2CCC3CN(c4ncnc5oc(-c6ccc(-c7cccs7)cc6)nc45)CC32)cc1,1,90.0
CHEMBL225706,CN(C)c1ccc(C#Cc2ncnc(N)c2-c2cccc(N)c2)cc1,1,90.0
CHEMBL424966,O=C(Nc1cccc(-c2nc3c(N4CC5CCN(Cc6ccccc6)C5C4)ncnc3o2)c1)c1ccccc1,1,90.0
CHEMBL192504,OCC1OC(n2c(Nc3ccccc3)nc3c(Nc4ccccc4)ncnc32)C(O)C1O,1,90.0
CHEMBL302938,COc1ccc(-c2cc3c(N)ncnc3nc2-c2ccc(N(C)C)cc2)cc1,1,92.0
CHEMBL99119,[N-]=[N+]=NCC1OC(n2cc(Br)c3c(Cl)ncnc32)C(O)C1O,1,100.0
CHEMBL319611,CC1OC(n2cc(-c3ccccc3)c3c(Nc4ccccc4)ncnc32)CC1O,1,100.0
CHEMBL318281,CC1OC(n2cc(I)c3c(Nc4ccccc4)ncnc32)C(O)C1O,1,100.0
CHEMBL97553,C=CC1OC(n2cc(I)c3c(N)ncnc32)C(O)C1O,1,100.0
CHEMBL198742,CCCNc1ncnc2c1c(-c1ccccc1)cn2C1OC(C)C(O)C1O,1,100.0
CHEMBL362855,CN(C)c1ccc(C#Cc2ncnc3[nH]nc(-c4ccccc4)c23)cn1,1,100.0
CHEMBL387628,CN(C)c1ccc(C#Cc2c(N)ncnc2-c2ccc(N(C)C)cc2)cc1,1,100.0
CHEMBL226486,Nc1ncnc(C#Cc2ccc(N3CCOCC3)nc2)c1-c1cc2ccccc2s1,1,100.0
CHEMBL4570382,CC1C(O)C(O)C2(n3cc(-c4ccccc4)c4c(Nc5ccc(F)cc5)ncnc43)CC12,1,110.0
CHEMBL225886,Nc1ncnc(C#Cc2cncc(N3CCOCC3)c2)c1-c1ccc(Cl)cc1,1,110.0
CHEMBL426992,CN(C)c1ccc(-c2nc3ncnc(N)c3cc2Cc2ccccc2)cc1,1,114.0
CHEMBL4439949,OCC1C(O)C(O)C2(n3cc(-c4ccccc4)c4c(Nc5ccccc5)ncnc43)CC12,1,114.0
CHEMBL4560021,CC1C(O)C(O)C2(n3cc(-c4ccc(F)cc4)c4c(Nc5ccccc5)ncnc43)CC12,1,115.0
CHEMBL193122,Cc1ccc(-c2cc3c(N)ncnc3nc2-c2ccc(C=Cc3ccccn3)cc2)cc1,1,115.0
CHEMBL359631,c1ccc(CCNc2ncnc3nc(-c4ccc(N5CCOCC5)nc4)cnc23)cc1,1,120.0
CHEMBL175809,c1ccc(CN2CCC3CN(c4ncnc5oc(-c6ccccc6)nc45)CC32)cc1,1,120.0
CHEMBL119839,Nc1cc(C#Cc2ccc(N3CCOCC3)nc2)ncn1,1,120.0
CHEMBL375255,Nc1ncnc(C#Cc2ccc(N3CCOCC3)nc2)c1-c1ccc2c(c1)OCO2,1,120.0
CHEMBL317176,OCC1OC(n2cc(I)c3c(Nc4ccccc4)ncnc32)C(O)C1O,1,120.0
CHEMBL449402,Nc1ncnc(C#Cc2ccc(N3CCOCC3)nc2)c1-c1cc2ccccc2o1,1,123.0
CHEMBL369761,c1ccc(CN2CCC3CN(c4ncnc5oc(-c6cccnc6)nc45)CC32)cc1,1,130.0
CHEMBL358714,CN(C)c1ccc(-c2c(-c3ccc(N4CCOCC4)nc3)nc3ncnc(N)c3c2-c2cccc(Cl)c2)cc1,1,130.0
CHEMBL422489,CN(C)c1ccc(-c2nc3ncnc(N)c3c(-c3cccc(Cl)c3)c2-c2ccccc2)cn1,1,130.0
CHEMBL366606,O=C(Nc1ccc(-c2nc3c(N4CC5CCN(Cc6ccccc6)C5C4)ncnc3o2)cc1)c1ccc(F)cc1,1,130.0
CHEMBL105216,Nc1ncnc2nc(-c3ccc(N4CC(O)C(O)C4)nc3)cc(-c3cccc(Br)c3)c12,1,130.1
CHEMBL225727,CN(C)S(=O)(=O)N1CCN(c2ccc(C#Cc3ncnc(N)c3-c3ccc(Cl)cc3)cn2)CC1,1,131.0
CHEMBL66277,CC1OC(n2cc(-c3ccccc3)c3c(Nc4ccc(F)cc4)ncnc32)C(O)C1O,1,134.0
CHEMBL196955,CC(C)CNc1ncnc2c1c(-c1ccccc1)cn2C1OC(C)C(O)C1O,1,140.0
CHEMBL4552895,OCC12CC1C(n1cc(-c3ccccc3)c3c(Nc4ccccc4)ncnc31)C(O)C2O,1,140.0
CHEMBL382911,CC1OC(n2cc(-c3ccccc3)c3c(NCC(=O)NCCCN(C)C)ncnc32)C(O)C1O,1,145.0
CHEMBL192903,CSc1nc2c(N3CCc4ccccc43)ncnc2n1C1OC(CO)C(O)C1O,1,150.0
CHEMBL319412,Nc1ncnc2nc(-c3ccc(N4CCCC4CO)nn3)cc(-c3cccc(Br)c3)c12,1,153.8
CHEMBL151812,Nc1ncnc2nc(-c3ccc(N4CCOCC4)nc3)c(-c3ccccc3)c(-c3cccc(Br)c3)c12,1,155.0
CHEMBL346622,COC(=O)Cc1c(-c2cccs2)nc2ncnc(N)c2c1-c1cccc(Br)c1,1,163.0
CHEMBL68749,CN(C)c1ccc(-c2cc(-c3cccc(Br)c3)c3c(N)ncnc3n2)cc1,1,167.0
CHEMBL342959,NCC1OC(n2nc(Br)c3c(N)ncnc32)C(O)C1O,1,170.0
CHEMBL371857,Cc1ccc(-c2cc3c(N)ncnc3nc2-c2ccc(-c3cncnc3)cc2)cc1,1,180.0
CHEMBL189480,CN(C)c1ccc(-c2cc3c(N)ncnc3nc2-c2ccc(N(C)C)cc2)cc1,1,183.0
CHEMBL151214,Nc1ncnc2nc(-c3ccc(N4CCOCC4)nc3)c(-c3ccc(F)cc3)c(-c3cccc(Br)c3)c12,1,197.0
CHEMBL225680,COCCN(C)c1cc(N2CCOCC2)ncc1C#Cc1ncnc(N)c1-c1ccc2c(c1)OCO2,1,198.0
CHEMBL1814776,C#Cc1cn(C2OC(CO)C(O)C2O)c2ncnc(N)c12,1,200.0
CHEMBL193065,CC1OC(n2c(Nc3ccccc3)nc3c(N4CCc5ccccc54)ncnc32)C(O)C1O,1,200.0
CHEMBL442003,CC1OC(n2cc(I)c3c(Nc4ccc(O)cc4)ncnc32)C(O)C1O,1,200.0
CHEMBL177540,c1ccc(CN2CCC3CN(c4ncnc5oc(-c6ccccc6)nc45)CC32)cc1,1,200.0
CHEMBL190400,CC(C)Cc1cc2c(N)ncnc2nc1-c1ccc(N(C)C)cc1,1,200.0
CHEMBL438476,Nc1ncnc(C#Cc2cnc(N3CCOCC3)nc2)c1-c1ccc(Cl)cc1,1,200.0
CHEMBL176718,O=C(Nc1cccc(-c2nc3c(N4CC5CCN(Cc6ccccc6)C5C4)ncnc3o2)c1)c1ccc(F)cc1,1,200.0
CHEMBL198698,CCN(CC)CCNC(=O)CNc1ncnc2c1c(-c1ccccc1)cn2C1OC(C)C(O)C1O,1,210.0
CHEMBL98933,Nc1ncnc2c1c(Cl)cn2C1OC(CO)C(O)C1O,1,210.0
CHEMBL369435,O=C(Cc1ccccc1)Nc1cccc(-c2nc3c(N4CC5CCN(Cc6ccccc6)C5C4)ncnc3o2)c1,1,210.0
CHEMBL226428,Nc1ncnc(C#Cc2ccc(N3CCOCC3)nc2)c1-c1ccsc1,1,212.0
CHEMBL225678,CN(C)c1cc(N2CCOCC2)ncc1C#Cc1ncnc(N)c1-c1ccc2c(c1)OCO2,1,215.0
CHEMBL375060,Nc1ncnc(C#Cc2cncnc2)c1-c1ccc(Cl)cc1,1,216.0
CHEMBL366694,c1ccc(CCCNc2ncnc3oc(-c4ccccc4)nc23)cc1,1,230.0
CHEMBL371350,CCc1nc2c(N3CCc4ccccc43)ncnc2n1C1OC(CO)C(O)C1O,1,230.0
CHEMBL355801,Brc1ccc(-c2nc3c(N4CC5CCN(Cc6ccccc6)C5C4)ncnc3o2)cc1,1,240.0
CHEMBL356256,CN(C)c1ccc(-c2nc3ncnc(N)c3c(-c3ccccc3)c2-c2ccccc2)cc1,1,250.0
CHEMBL367498,Brc1cccc(-c2nc3c(N4CC5CCN(Cc6ccccc6)C5C4)ncnc3o2)c1,1,260.0
CHEMBL425507,CN(CCCNc1ncnc2oc(-c3ccccc3)nc12)c1ccccc1,1,270.0
CHEMBL225833,Nc1ncnc(C#Cc2ccc(N3CCOCC3)cc2)c1-c1ccc(Cl)cc1,1,275.0
CHEMBL141606,Nc1ncnc2c1c(Br)cn2C1OC(CO)C(O)C1O,1,280.0
CHEMBL150370,Cc1ccc(-c2c(-c3cccs3)nc3ncnc(N)c3c2-c2ccc(C)c(F)c2)cc1F,1,288.0
CHEMBL585759,OCC1OC(n2cc(Cl)c3c(-c4ccco4)ncnc32)C(O)C1O,1,290.0
CHEMBL382451,CC1OC(n2cc(-c3ccccc3)c3c(NCC(=O)NCCN(C)C)ncnc32)C(O)C1O,1,300.0
CHEMBL189106,C=Cc1nc2c(Nc3ccccc3)ncnc2n1C1OC(CO)C(O)C1O,1,300.0
CHEMBL369112,c1ccc2c(CCNc3ncnc4nc(-c5ccc(N6CCOCC6)nc5)cnc34)c[nH]c2c1,1,300.0
CHEMBL226450,CN(C)c1ccc(C#Cc2ncnc(N(C)C)c2-c2ccc(Cl)cc2)cc1,1,300.0
CHEMBL376830,CN(C)c1ccc(C#Cc2ncnc(N)c2C2CCCCC2)cc1,1,300.0
CHEMBL4470770,Cn1ccc2c1c1c(-c3cc4ccccc4o3)ncnc1n2C1OC(CO)C(O)C1O,1,300.0
CHEMBL330221,OCC1OC(n2cc(-c3ccccc3)c3c(Nc4ccccc4)ncnc32)CC1O,1,300.0
CHEMBL3134389,OCC1OC(n2ccc3c(-c4cc5ccccc5s4)ncnc32)C(O)C1O,1,300.0
CHEMBL99388,CC1OC(n2cc(C#N)c3c(N)ncnc32)C(O)C1O,0,310.0
CHEMBL99668,N#Cc1cn(C2OC(CO)C(O)C2O)c2ncnc(N)c12,0,310.0
CHEMBL329484,CC1OC(n2cc(-c3ccccc3)c3c(N)ncnc32)C(O)C1O,0,320.0
CHEMBL226505,CN(C)c1ccc(C#Cc2ncnc(N3CCN(S(=O)(=O)N(C)C)CC3)c2-c2ccc(Cl)cc2)cc1,0,330.0
CHEMBL305746,CN(C)c1ccc(-c2nc3ncnc(N)c3nc2-c2ccccc2)cc1,0,333.0
CHEMBL4438098,OCC1OC(n2c3ccoc3c3c(-c4cc5ccccc5o4)ncnc32)C(O)C1O,0,336.0
CHEMBL150978,CN(C)c1ccc(-c2nc3ncnc(N)c3cc2-c2ccccc2)cc1,0,350.0
CHEMBL342310,COc1ccc(-c2c(-c3ccc(N(C)C)cc3)nc3ncnc(N)c3c2-c2cccc(Br)c2)cc1OC,0,350.0
CHEMBL356896,COCCN(C)c1ccc(-c2nc3ncnc(N)c3c(-c3cc(Br)cs3)c2-c2ccc(OC)c(OC)c2)cc1,0,367.0
CHEMBL102712,Nc1ncnc2nc(-c3ccc(N4CCC5(CC4)COCO5)nc3)cc(-c3cccc(Br)c3)c12,0,378.1
CHEMBL381005,CC1OC(n2cc(-c3ccccc3)c3c(NC4CC4)ncnc32)C(O)C1O,0,380.0
CHEMBL145388,CC1OC(n2cc(I)c3c(N)ncnc32)C(O)C1O,0,400.0
CHEMBL189971,CN(C)c1ccc(-c2nc3ncnc(N)c3cc2CCc2ccccc2)cc1,0,433.0
CHEMBL66338,CN(C)c1ccc(-c2cnc3c(N)ncnc3n2)cc1,0,440.0
CHEMBL99359,COCC1OC(n2cc(I)c3c(Cl)ncnc32)C(O)C1O,0,450.0
CHEMBL439635,Nc1ncnc2nc(-c3ccc(N4CCOCC4)nc3)c(Cc3ccccc3)c(-c3cccc(Br)c3)c12,0,450.0
CHEMBL98638,CC1OC(n2cc(C(N)=O)c3c(N)ncnc32)C(O)C1O,0,460.0
CHEMBL372155,CC1OC(n2cc(-c3ccccc3)c3c(NCC(=O)N(C)C4CC4)ncnc32)C(O)C1O,0,460.0
CHEMBL182654,Nc1ncnc2nc(-c3ccc(N4CCOCC4)nc3)cnc12,0,460.0
CHEMBL302921,CN(C)c1ccc(-c2cc(C3CCCCC3)c3c(N)ncnc3n2)cc1,0,467.0
CHEMBL68492,CN(C)c1ccc(-c2cc(-c3ccccc3)c3c(N)ncnc3n2)cc1,0,467.0
CHEMBL193223,CN(C)c1ccc(-c2cc3c(N)ncnc3nc2-c2ccncc2)cc1,0,467.0
CHEMBL4554008,Cn1ccc2c3c(-c4cc5ccccc5o4)ncnc3n(C3OC(CO)C(O)C3O)c21,0,470.0
CHEMBL101892,NC(=O)c1cn(C2OC(CO)C(O)C2O)c2ncnc(N)c12,0,470.0
CHEMBL193265,OCC1OC(n2c(Cl)nc3c(N4CCc5ccccc54)ncnc32)C(O)C1O,0,480.0
CHEMBL95721,CCC1OC(n2cc(Br)c3c(N)ncnc32)C(O)C1O,0,500.0
CHEMBL66977,Cc1ccc(-c2cc3c(N)ncnc3nc2-c2ccc(N(C)C)cc2)cc1,0,500.0
CHEMBL226515,COc1ccc(-c2c(N)ncnc2C#Cc2ccc(N(C)C)cc2)cc1OC,0,500.0
CHEMBL225722,Nc1ncnc(C#Cc2ccccn2)c1-c1ccc(Cl)cc1,0,500.0
CHEMBL191760,OCC1OC(n2cnc3c(N4CCc5ccccc54)ncnc32)C(O)C1O,0,500.0
CHEMBL200393,CC(Nc1ncnc2c1c(-c1ccccc1)cn2C1OC(C)C(O)C1O)C(=O)NC1CC1,0,530.0
CHEMBL99662,Cc1cn(C2OC(C)C(O)C2O)c2ncnc(Cl)c12,0,535.0
CHEMBL431628,CC1OC(n2cc(I)c3c(Nc4ccc(F)cc4)ncnc32)C(O)C1O,0,550.0
CHEMBL376831,CN(C)c1ccc(C#Cc2ncnc(N)c2C(c2ccccc2)c2ccccc2)cc1,0,600.0
CHEMBL373104,Nc1ncnc2c1c(I)cn2C1OC2(CC2)C(O)C1O,0,600.0
CHEMBL435646,CCCCCc1c(-c2ccc(N(C)C)nc2)nc2ncnc(N)c2c1-c1cccc(Br)c1,0,625.0
CHEMBL265251,CN(C)c1ccc(-c2nc3ncnc(N)c3c(-c3cc(Br)cs3)c2C2CC2)cn1,0,625.0
CHEMBL191309,Nc1ncnc2nc(-c3cccs3)c(Cc3cccc(Br)c3)cc12,0,650.0
CHEMBL189632,CCCCCc1cc2c(N)ncnc2nc1-c1ccc(N(C)C)cc1,0,700.0
CHEMBL225694,CN(C)c1ccc(C#Cc2ncnc(N)c2-c2ccccc2Cl)cc1,0,700.0
CHEMBL416498,COC(=O)c1cccc(-c2cc3c(N)ncnc3nc2-c2ccc(N(C)C)cc2)c1,0,700.0
CHEMBL193253,CCCCc1cc2c(N)ncnc2nc1-c1cccs1,0,767.0
CHEMBL303499,CN(C)c1ccc(-c2ccc3c(N)ncnc3n2)cc1,0,773.0
CHEMBL98887,COc1ccc(Nc2ncnc3c2c(I)cn3C2OC(C)C(O)C2O)cc1,0,775.0
CHEMBL317583,CC1OC(n2cc(I)c3c(NCc4ccccc4)ncnc32)C(O)C1O,0,800.0
CHEMBL200352,CC1OC(n2cc(I)c3c(NCC(=O)NC4CC4)ncnc32)C(O)C1O,0,880.0
CHEMBL364732,Nc1ncnc2nc(-c3nccs3)c(Cc3cccc(Br)c3)cc12,0,900.0
CHEMBL363442,Brc1cccc(-c2nn(Cc3ccccc3)c3ncnc(C#Cc4ccc(N5CCOCC5)nc4)c23)c1,0,1000.0
CHEMBL193175,C#Cc1nc2c(N3CCc4ccccc43)ncnc2n1C1OC(CO)C(O)C1O,0,1000.0
CHEMBL226394,C#Cc1ncnc(N)c1-c1ccc2c(c1)OCO2,0,1000.0
CHEMBL419517,CC1OC(n2cc(I)c3c(SCc4ccccc4)ncnc32)C(O)C1O,0,1000.0
CHEMBL225728,CC(C)(C)OC(=O)N1CCN(c2ccc(C#Cc3ncnc(N)c3-c3ccc(Cl)cc3)cn2)CC1,0,1000.0
CHEMBL147356,CC(C)c1c(-c2ccc(N3CCOCC3)nc2)nc2ncnc(N)c2c1-c1cccc(Br)c1,0,1000.0
CHEMBL151079,CC(C)c1ccc(-c2c(-c3ccc(N(C)C)cc3)nc3ncnc(N)c3c2-c2ccc(C(C)C)cc2)cc1,0,1000.0
CHEMBL190144,Cc1ccc(-c2cc3c(N)ncnc3nc2-c2cc3ccccc3o2)cc1,0,1000.0
CHEMBL276470,Cc1nc(N)c(-c2ccccc2)c(C#Cc2ccc(N(C)C)cc2)n1,0,1000.0
CHEMBL1688504,CCC1(c2ccc(CSc3ccc(F)cc3)cc2)Oc2ccccc2-n2cccc2C1=O,0,1000.0
CHEMBL1688498,CCC1(c2ccc(CSc3ccccc3Cl)cc2)Oc2ccccc2-n2cccc2C1=O,0,1000.0
CHEMBL95211,CCCCSc1ncnc2c1c(I)cn2C1OC(C)C(O)C1O,0,1000.0
CHEMBL95256,CCOC(=O)c1cn(C2OC(C)C(O)C2O)c2ncnc(N)c12,0,1000.0
CHEMBL425305,CN(C)c1ccc(C#Cc2cc(N)ncn2)cc1,0,1000.0
CHEMBL226449,CN(C)c1ccc(C#Cc2cc(NCc3ccccc3)ncn2)cc1,0,1000.0
CHEMBL216119,CN(C)c1ccc(C#Cc2ncnc(N)c2-c2ccccc2)cc1,0,1000.0
CHEMBL226393,CN(C)c1ccc(C#Cc2ncnc(N)c2Cc2ccccc2)cc1,0,1000.0
CHEMBL226451,CN(C)c1ccc(C#Cc2ncnc(NC3CCCCC3)c2-c2ccc(Cl)cc2)cc1,0,1000.0
CHEMBL226503,CN(C)c1ccc(C#Cc2ncnc(NCCc3c[nH]c4ccccc34)c2-c2ccc(Cl)cc2)cc1,0,1000.0
CHEMBL147390,CN(C)c1ccc(-c2nc3ncnc(N)c3c(-c3cccc(Br)c3)c2C2CCCCC2)cn1,0,1000.0
CHEMBL66568,CN(C)c1ccc(-c2nc3ncnc(N)c3cc2-c2ccc(C(C)(C)C)cc2)cc1,0,1000.0
CHEMBL191526,COc1cccc(-c2cc3c(N)ncnc3nc2-c2ccc(N(C)C)cc2)c1,0,1000.0
CHEMBL192727,CSc1nc2c(Nc3ccccc3)ncnc2n1C1OC(CO)C(O)C1O,0,1000.0
CHEMBL225774,Nc1ncnc(C#Cc2ccc([N+](=O)[O-])cc2)c1-c1ccc(Cl)cc1,0,1000.0
CHEMBL145188,Nc1ncnc2c1ncn2C1OC(CO)C(O)C1O,0,1000.0
CHEMBL184909,Nc1ncnc2cc(-c3ccc(N4CCOCC4)nc3)n(Cc3ccccc3)c12,0,1000.0
CHEMBL65852,Nc1ncnc2nc(-c3ccc(N4CCOCC4)cc3)cnc12,0,1000.0
CHEMBL189781,OCC1OC(n2c(I)nc3c(N4CCc5ccccc54)ncnc32)C(O)C1O,0,1000.0
CHEMBL569854,OCC1OC(n2cc(F)c3c(-c4cccs4)ncnc32)C(O)C1O,0,1100.0
CHEMBL98174,CC1OC(n2cc(-c3ccccc3)c3c(NC4CCCCC4)ncnc32)C(O)C1O,0,1200.0
CHEMBL99923,CC1OC(n2cc(I)c3c(Nc4ccc(C#N)cc4)ncnc32)C(O)C1O,0,1200.0
CHEMBL1688584,CCC1(c2ccc(COc3ccc(I)cc3Cl)cc2)Oc2ccccc2-n2cccc2C1=O,0,1200.0
CHEMBL223769,CCC1(c2ccc(COc3ccccc3)cc2)Oc2ccccc2-n2cccc2C1=O,0,1200.0
CHEMBL1688496,CCC1(c2ccc(CSc3ccccc3)cc2)Oc2ccccc2-n2cccc2C1=O,0,1200.0
CHEMBL322217,COCC1OC(n2cc(I)c3c(N)ncnc32)C(O)C1O,0,1200.0
CHEMBL584958,OCC1OC(n2cc(Cl)c3c(-c4cccs4)ncnc32)C(O)C1O,0,1200.0
CHEMBL98424,OCC1OC(n2ccc3c(Nc4ccccc4)ncnc32)C(O)C1O,0,1250.0
CHEMBL571622,OCC1OC(n2cc(F)c3c(-c4ccco4)ncnc32)C(O)C1O,0,1300.0
CHEMBL572309,OCC1OC(n2ccc3c(-c4ccco4)ncnc32)C(O)C1O,0,1300.0
CHEMBL317927,CSc1cn(C2OC(C)C(O)C2O)c2ncnc(N)c12,0,1350.0
CHEMBL383388,O=C(CNc1ncnc2c1c(-c1ccccc1)cn2COCCO)NC1CC1,0,1700.0
CHEMBL3134385,CCCCCCCCCCCCCCCCCCOP(=O)(O)OCC1OC(n2ccc3c(-c4cccs4)ncnc32)C(O)C1O,0,1970.0
CHEMBL95482,CC1OC(n2cc(I)c3c(SCc4ccc([N+](=O)[O-])cc4)ncnc32)C(O)C1O,0,2000.0
CHEMBL1688505,CCC1(c2ccc(CSc3ccc(Br)cc3)cc2)Oc2ccccc2-n2cccc2C1=O,0,2000.0
CHEMBL1688592,CCC1(c2ccc(CSc3ccc(C#C[Si](C)(C)C)cc3)cc2)Sc2ccccc2-n2cccc2C1=O,0,2000.0
CHEMBL1688578,CCC1(c2ccc(CSc3ccc(I)cc3Cl)cc2)Oc2ccccc2-n2cccc2C1=O,0,2000.0
CHEMBL142234,COCC1OC(n2cc(I)c3c(N)ncnc32)C(O)C1O,0,2000.0
CHEMBL1814763,COc1ccc(-c2cn(C3OC(CO)C(O)C3O)c3ncnc(N)c23)cc1,0,2000.0
CHEMBL1814767,Nc1ncnc2c1c(-c1ccco1)cn2C1OC(CO)C(O)C1O,0,2000.0
CHEMBL373129,OCC1OC(n2c(N3CCc4ccccc43)nc3c(N4CCc5ccccc54)ncnc32)C(O)C1O,0,2000.0
CHEMBL3134388,OCC1OC(n2ccc3c(-c4cc5ccccc5o4)ncnc32)C(O)C1O,0,2100.0
CHEMBL1687952,CCC1(c2ccc(CSc3ccc(I)cc3)cc2)Sc2ccccc2-n2cccc2C1=O,0,2200.0
CHEMBL192754,CN(C)c1ccc(-c2nc3ncnc(N)c3cc2CCCc2ccccc2)cc1,0,2230.0
CHEMBL4571377,Nc1ncnc2c1c(I)cn2C1C(O)C(O)C2(CO)CC12,0,2240.0
CHEMBL1814778,Nc1ncnc2c1c(-c1nccs1)cn2C1OC(CO)C(O)C1O,0,2300.0
CHEMBL3134383,CCCCCCCCCCCCCCCCCCOP(=O)(O)OCC1OC(n2ccc3c(-c4ccco4)ncnc32)C(O)C1O,0,2400.0
CHEMBL382751,CC(Nc1ncnc2c1c(-c1ccccc1)cn2C1OC(C)C(O)C1O)C(=O)NC1CC1,0,2500.0
CHEMBL371924,CC1OC(n2cc(-c3ccccc3)c3c(NCCC(N)=O)ncnc32)C(O)C1O,0,2500.0
CHEMBL1688575,CCC1(c2ccc(CSc3ccc(F)cc3Cl)cc2)Oc2ccccc2-n2cccc2C1=O,0,2500.0
CHEMBL1688506,CCC1(c2ccc(CSc3ccc(I)cc3)cc2)Oc2ccccc2-n2cccc2C1=O,0,2500.0
CHEMBL1688502,CCC1(c2ccc(CSc3cccc(C(F)(F)F)c3)cc2)Oc2ccccc2-n2cccc2C1=O,0,2500.0
CHEMBL95608,C=CCSc1ncnc2c1c(I)cn2C1OC(C)C(O)C1O,0,2800.0
CHEMBL3134387,CCCCCCCCCCCCCCCCCCOP(=O)(O)OCC1OC(n2ccc3c(-c4cc5ccccc5o4)ncnc32)C(O)C1O,0,2900.0
CHEMBL363354,OCC1OC(n2c(-c3ccco3)nc3c(N4CCc5ccccc54)ncnc32)C(O)C1O,0,2900.0
CHEMBL1688512,CCC1(c2ccc(CSc3c(C)cccc3Cl)cc2)Oc2ccccc2-n2cccc2C1=O,0,3000.0
CHEMBL1688570,CCC1(c2ccc(CSc3cccc(Cl)c3Cl)cc2)Oc2ccccc2-n2cccc2C1=O,0,3000.0
CHEMBL3134380,OCC1OC(n2ccc3c(-c4cccc5c4Oc4ccccc4S5)ncnc32)C(O)C1O,0,3070.0
CHEMBL1688503,CCC1(c2ccc(CSc3cccc(OC(F)(F)F)c3)cc2)Oc2ccccc2-n2cccc2C1=O,0,3200.0
CHEMBL3342660,CC(C)c1cccc(-c2cn(C3OC(CO)C(O)C3O)c3ncnc(N)c23)c1,0,3300.0
CHEMBL4472686,OCC1C(O)C(O)C2(n3cc(I)c4c(Nc5ccccc5)ncnc43)CC12,0,3340.0
CHEMBL571848,OCC1OC(n2cc(Cl)c3c(-c4ccoc4)ncnc32)C(O)C1O,0,3400.0
CHEMBL1688501,CCC1(c2ccc(CSc3cccc(Cl)c3)cc2)Oc2ccccc2-n2cccc2C1=O,0,3500.0
CHEMBL1688581,CCC1(c2ccc(CSc3ncc[nH]3)cc2)Oc2ccccc2-n2cccc2C1=O,0,3500.0
CHEMBL4576288,Cn1ccc2c3c(-c4ccco4)ncnc3n(C3OC(CO)C(O)C3O)c21,0,3580.0
CHEMBL192259,OCC1OC(n2c(Cl)nc3c(Nc4ccccc4)ncnc32)C(O)C1O,0,3600.0
CHEMBL4455893,OCC1OC(n2c3ccoc3c3c(-c4ccco4)ncnc32)C(O)C1O,0,3940.0
CHEMBL364265,CC1(C)OC(n2cc(-c3ccccc3)c3c(Nc4ccccc4)ncnc32)C(O)C1O,0,4000.0
CHEMBL1688500,CCC1(c2ccc(CSc3cccc(F)c3)cc2)Oc2ccccc2-n2cccc2C1=O,0,4000.0
CHEMBL1688588,O=C1c2cccn2-c2ccccc2OC1c1ccc(CSc2ccccc2)cc1,0,4000.0
CHEMBL3134382,CCCCCCCCCCCCCCCCCCOP(=O)(O)OCC1OC(n2ccc3c(-c4ccccc4)ncnc32)C(O)C1O,0,4400.0
CHEMBL1688589,O=C1c2cccn2-c2ccccc2OC1c1ccc(CSc2ccccc2Cl)cc1,0,4400.0
CHEMBL1688497,CCC1(c2ccc(CSc3ccccc3F)cc2)Oc2ccccc2-n2cccc2C1=O,0,4500.0
CHEMBL1688580,CCC1(c2ccc(CSc3ccccn3)cc2)Oc2ccccc2-n2cccc2C1=O,0,4500.0
CHEMBL1814773,Nc1ncnc2c1c(-c1cc[nH]c1)cn2C1OC(CO)C(O)C1O,0,4500.0
CHEMBL364457,OCC1OC(n2c(I)nc3c(Nc4ccccc4)ncnc32)C(O)C1O,0,4500.0
CHEMBL1688591,CCC1(c2ccc(CSc3ccccc3Cl)cc2)Sc2ccccc2-n2cccc2C1=O,0,5000.0
CHEMBL1814766,Nc1ncnc2c1c(-c1ccc3ccccc3c1)cn2C1OC(CO)C(O)C1O,0,5000.0
CHEMBL1814762,Nc1ncnc2c1c(-c1ccccc1)cn2C1OC(CO)C(O)C1O,0,5000.0
CHEMBL1814768,Nc1ncnc2c1c(-c1cccs1)cn2C1OC(CO)C(O)C1O,0,5000.0
CHEMBL1814769,Nc1ncnc2c1c(-c1ccoc1)cn2C1OC(CO)C(O)C1O,0,5000.0
CHEMBL1814770,Nc1ncnc2c1c(-c1ccsc1)cn2C1OC(CO)C(O)C1O,0,5000.0
CHEMBL1814780,Nc1ncnc2c1c(-c1ncc[nH]1)cn2C1OC(CO)C(O)C1O,0,5000.0
CHEMBL585761,OCC1OC(n2ccc3c(-c4cccs4)ncnc32)C(O)C1O,0,5000.0
CHEMBL3134384,CCCCCCCCCCCCCCCCCCOP(=O)(O)OCC1OC(n2ccc3c(-c4ccoc4)ncnc32)C(O)C1O,0,5150.0
CHEMBL1642653,OCC1OC(n2ccc3c(-c4cccc5c4oc4ccccc45)ncnc32)C(O)C1O,0,5260.0
CHEMBL4525611,[N-]=[N+]=NCC1C(O)C(O)C2(n3cc(I)c4c(N)ncnc43)CC12,0,5380.0
CHEMBL4519937,OCC1C(O)C(O)C2(n3cc(I)c4c(Cl)ncnc43)CC12,0,6010.0
CHEMBL1688507,CCC1(c2ccc(CSc3ccc([N+](=O)[O-])cc3)cc2)Oc2ccccc2-n2cccc2C1=O,0,6200.0
CHEMBL302376,NCC1OC(n2cnc3c(N)ncnc32)C(O)C1O,0,6330.0
CHEMBL3134386,CCCCCCCCCCCCCCCCCCOP(=O)(O)OCC1OC(n2ccc3c(-c4ccsc4)ncnc32)C(O)C1O,0,6350.0
CHEMBL420640,CC1OC(n2cc(I)c3c(=S)[nH]cnc32)C(O)C1O,0,6500.0
CHEMBL1688508,CCC1(c2ccc(CSc3ccc(OC(F)(F)F)cc3)cc2)Oc2ccccc2-n2cccc2C1=O,0,6700.0
CHEMBL363215,OCC1OC(n2c(-c3ccco3)nc3c(Nc4ccccc4)ncnc32)C(O)C1O,0,6900.0
CHEMBL1688582,CCC1(c2ccc(CSc3cnccn3)cc2)Oc2ccccc2-n2cccc2C1=O,0,7000.0
CHEMBL1688583,CCC1(c2ccc(CSc3ncccn3)cc2)Oc2ccccc2-n2cccc2C1=O,0,7000.0
CHEMBL193246,OCC1OC(n2c(N3CCc4ccccc43)nc3c(Nc4ccccc4)ncnc32)C(O)C1O,0,7100.0
CHEMBL4580524,Cn1ccc2c1c1c(-c3ccco3)ncnc1n2C1OC(CO)C(O)C1O,0,7120.0
CHEMBL1688585,CCC1(c2ccc(COc3cccc(CCO)c3)cc2)Oc2ccccc2-n2cccc2C1=O,0,8000.0
CHEMBL1688579,CCC1(c2ccc(CSc3c(F)c(F)cc(F)c3F)cc2)Oc2ccccc2-n2cccc2C1=O,0,8000.0
CHEMBL3134378,OCC1OC(n2ccc3c(-c4cc5ccccc5[nH]4)ncnc32)C(O)C1O,0,8350.0
CHEMBL1688590,O=C1c2cccn2-c2ccccc2OC1c1ccc(CSc2cccc(C(F)(F)F)c2)cc1,0,9000.0
CHEMBL145092,CC1OC(n2cc(Br)c3c(N)ncnc32)C(O)C1O,0,10000.0
CHEMBL319338,CC1OC(n2cc(I)c3c(NC4CCCCC4)ncnc32)C(O)C1O,0,10000.0
CHEMBL3342664,CC(C)Oc1ccc(-c2cn(C3OC(CO)C(O)C3O)c3ncnc(N)c23)cc1,0,10000.0
CHEMBL4467186,Cc1ncnc2c1c1c(ccn1C)n2C1OC(CO)C(O)C1O,0,10000.0
CHEMBL4454930,Cc1ncnc2c1c1ccn(C)c1n2C1OC(CO)C(O)C1O,0,10000.0
CHEMBL4585910,Cc1ncnc2c1c1occc1n2C1OC(CO)C(O)C1O,0,10000.0
CHEMBL1269812,Cc1ncnc2c1ccn2C1OC(CO)C(O)C1O,0,10000.0
CHEMBL1688510,CCC1(c2ccc(CSc3ccc(C#C[Si](C)(C)C)cc3)cc2)Oc2ccccc2-n2cccc2C1=O,0,10000.0
CHEMBL1688573,CCC1(c2ccc(CSc3ccc(Cl)c(Cl)c3)cc2)Oc2ccccc2-n2cccc2C1=O,0,10000.0
CHEMBL1688574,CCC1(c2ccc(CSc3ccc(F)cc3F)cc2)Oc2ccccc2-n2cccc2C1=O,0,10000.0
CHEMBL4589668,CN(C)c1ncnc2c1c1c(ccn1C)n2C1OC(CO)C(O)C1O,0,10000.0
CHEMBL4462448,CN(C)c1ncnc2c1c1ccn(C)c1n2C1OC(CO)C(O)C1O,0,10000.0
CHEMBL4458110,CN(C)c1ncnc2c1c1occc1n2C1OC(CO)C(O)C1O,0,10000.0
CHEMBL4585392,Cn1ccc2c1c1c(-c3ccoc3)ncnc1n2C1OC(CO)C(O)C1O,0,10000.0
CHEMBL4532596,Cn1ccc2c1c1c(Cl)ncnc1n2C1OC(CO)C(O)C1O,0,10000.0
CHEMBL4556165,Cn1ccc2c1c1c(N)ncnc1n2C1OC(CO)C(O)C1O,0,10000.0
CHEMBL4556038,Cn1ccc2c3c(-c4ccoc4)ncnc3n(C3OC(CO)C(O)C3O)c21,0,10000.0
CHEMBL4543054,Cn1ccc2c3c(Cl)ncnc3n(C3OC(CO)C(O)C3O)c21,0,10000.0
CHEMBL4517245,Cn1ccc2c3c(N)ncnc3n(C3OC(CO)C(O)C3O)c21,0,10000.0
CHEMBL3342666,COc1cc(-c2cn(C3OC(CO)C(O)C3O)c3ncnc(N)c23)cc(OC)c1OC,0,10000.0
CHEMBL67267,COc1ccc(-c2cnc3c(N)ncnc3n2)cc1,0,10000.0
CHEMBL572326,COc1ccc(-c2ncnc3c2ccn3C2OC(CO)C(O)C2O)cc1,0,10000.0
CHEMBL4450152,COc1ncnc2c1c1c(ccn1C)n2C1OC(CO)C(O)C1O,0,10000.0
CHEMBL4462344,COc1ncnc2c1c1ccn(C)c1n2C1OC(CO)C(O)C1O,0,10000.0
CHEMBL4483740,COc1ncnc2c1c1occc1n2C1OC(CO)C(O)C1O,0,10000.0
CHEMBL1814764,CSc1ccc(-c2cn(C3OC(CO)C(O)C3O)c3ncnc(N)c23)cc1,0,10000.0
CHEMBL4567695,CSc1ncnc2c1c1c(ccn1C)n2C1OC(CO)C(O)C1O,0,10000.0
CHEMBL4476539,CSc1ncnc2c1c1ccn(C)c1n2C1OC(CO)C(O)C1O,0,10000.0
CHEMBL4591383,CSc1ncnc2c1c1occc1n2C1OC(CO)C(O)C1O,0,10000.0
CHEMBL356312,NCC1OC(n2cnc3c(N)ncnc32)C(O)C1O,0,10000.0
CHEMBL67043,Nc1ccc(-c2cnc3c(N)ncnc3n2)cc1,0,10000.0
CHEMBL3342672,Nc1ncnc2c1c(C=Cc1ccccc1)cn2C1OC(CO)C(O)C1O,0,10000.0
CHEMBL143644,Nc1ncnc2c1c(Br)nn2C1OC(CO)C(O)C1O,0,10000.0
CHEMBL1814779,Nc1ncnc2c1c(-c1c[nH]cn1)cn2C1OC(CO)C(O)C1O,0,10000.0
CHEMBL1814775,Nc1ncnc2c1c(-c1cc[nH]n1)cn2C1OC(CO)C(O)C1O,0,10000.0
CHEMBL3342668,Nc1ncnc2c1c(-c1cc3ccccc3c3ccccc13)cn2C1OC(CO)C(O)C1O,0,10000.0
CHEMBL1814771,Nc1ncnc2c1c(-c1cc3ccccc3o1)cn2C1OC(CO)C(O)C1O,0,10000.0
CHEMBL3342663,Nc1ncnc2c1c(-c1ccc(C(F)(F)F)cc1)cn2C1OC(CO)C(O)C1O,0,10000.0
CHEMBL3342665,Nc1ncnc2c1c(-c1ccc3c(c1)OCO3)cn2C1OC(CO)C(O)C1O,0,10000.0
CHEMBL3342667,Nc1ncnc2c1c(-c1ccc3c4c(cccc14)CC3)cn2C1OC(CO)C(O)C1O,0,10000.0
CHEMBL3342669,Nc1ncnc2c1c(-c1cccc3c1oc1ccccc13)cn2C1OC(CO)C(O)C1O,0,10000.0
CHEMBL3342671,Nc1ncnc2c1c(-c1cccc3c1Sc1ccccc1S3)cn2C1OC(CO)C(O)C1O,0,10000.0
CHEMBL1814765,Nc1ncnc2c1c(-c1cccc3ccccc13)cn2C1OC(CO)C(O)C1O,0,10000.0
CHEMBL1814774,Nc1ncnc2c1c(-c1cn[nH]c1)cn2C1OC(CO)C(O)C1O,0,10000.0
CHEMBL4447775,Nc1ncnc2c1c1occc1n2C1OC(CO)C(O)C1O,0,10000.0
CHEMBL267099,Nc1ncnc2c1ccn2C1OC(CO)C(O)C1O,0,10000.0
CHEMBL308008,Nc1ncnc2nc(-c3ccc([N+](=O)[O-])cc3)cnc12,0,10000.0
CHEMBL419063,Nc1ncnc2nc(-c3ccccc3)cnc12,0,10000.0
CHEMBL371549,O=C(CNc1ncnc2[nH]cc(-c3ccccc3)c12)NC1CC1,0,10000.0
CHEMBL4589727,OCC1OC(n2c3ccoc3c3c(-c4ccoc4)ncnc32)C(O)C1O,0,10000.0
CHEMBL570743,OCC1OC(n2cc(Cl)c3c(-c4ccccc4)ncnc32)C(O)C1O,0,10000.0
CHEMBL570092,OCC1OC(n2cc(Cl)c3c(-c4ccsc4)ncnc32)C(O)C1O,0,10000.0
CHEMBL570091,OCC1OC(n2cc(F)c3c(-c4cc[nH]c4)ncnc32)C(O)C1O,0,10000.0
CHEMBL584957,OCC1OC(n2cc(F)c3c(-c4ccc[nH]4)ncnc32)C(O)C1O,0,10000.0
CHEMBL584541,OCC1OC(n2cc(F)c3c(-c4ccccc4)ncnc32)C(O)C1O,0,10000.0
CHEMBL571631,OCC1OC(n2cc(F)c3c(-c4ccoc4)ncnc32)C(O)C1O,0,10000.0
CHEMBL571757,OCC1OC(n2cc(F)c3c(-c4ccsc4)ncnc32)C(O)C1O,0,10000.0
CHEMBL571850,OCC1OC(n2ccc3c(-c4c[nH]cn4)ncnc32)C(O)C1O,0,10000.0
CHEMBL576900,OCC1OC(n2ccc3c(-c4cc[nH]c4)ncnc32)C(O)C1O,0,10000.0
CHEMBL572052,OCC1OC(n2ccc3c(-c4ccc(F)cc4)ncnc32)C(O)C1O,0,10000.0
CHEMBL571978,OCC1OC(n2ccc3c(-c4ccc[nH]4)ncnc32)C(O)C1O,0,10000.0
CHEMBL576130,OCC1OC(n2ccc3c(-c4ccc[se]4)ncnc32)C(O)C1O,0,10000.0
CHEMBL585760,OCC1OC(n2ccc3c(-c4ccccc4)ncnc32)C(O)C1O,0,10000.0
CHEMBL571838,OCC1OC(n2ccc3c(-c4ccccn4)ncnc32)C(O)C1O,0,10000.0
CHEMBL576515,OCC1OC(n2ccc3c(-c4cccnc4)ncnc32)C(O)C1O,0,10000.0
CHEMBL571410,OCC1OC(n2ccc3c(-c4ccoc4)ncnc32)C(O)C1O,0,10000.0
CHEMBL572100,OCC1OC(n2ccc3c(-c4ccsc4)ncnc32)C(O)C1O,0,10000.0
CHEMBL576514,OCc1ncnc2c1ccn2C1OC(CO)C(O)C1O,0,10000.0
CHEMBL1688576,CCC1(c2ccc(CSc3ccc(F)c(Cl)c3)cc2)Oc2ccccc2-n2cccc2C1=O,0,11000.0
CHEMBL1687951,CCC1(c2ccc(CSc3cccc(OC)c3)cc2)Oc2ccccc2-n2cccc2C1=O,0,12500.0
CHEMBL98641,NCC1OC(n2ccc3c(N)ncnc32)C(O)C1O,0,13000.0
CHEMBL4203890,CC(=O)Oc1[nH]c2ccccc2c1-c1cccc2ccccc12,0,13600.0
CHEMBL4216522,O=C1C(c2cccc3ccccc23)Oc2cc3c(cc2N1Cc1ccccc1)OCO3,0,13600.0
CHEMBL4208658,O=C1C(c2ccc3ccccc3c2)Oc2cc3c(cc2N1Cc1ccccc1)OCO3,0,13700.0
CHEMBL1688571,CCC1(c2ccc(CSc3cc(Cl)ccc3Cl)cc2)Oc2ccccc2-n2cccc2C1=O,0,14000.0
CHEMBL1688509,CCC1(c2ccc(CSc3ccc(OC)cc3)cc2)Oc2ccccc2-n2cccc2C1=O,0,14000.0
CHEMBL1688511,C#Cc1ccc(SCc2ccc(C3(CC)Oc4ccccc4-n4cccc4C3=O)cc2)cc1,0,15000.0
CHEMBL3134379,OCC1OC(n2ccc3c(-c4cccc5c4sc4ccccc45)ncnc32)C(O)C1O,0,15400.0
CHEMBL318634,Cc1cn(C2OC(C)C(O)C2O)c2ncnc(N)c12,0,16500.0
CHEMBL3342662,CC(C)(C)c1ccc(-c2cn(C3OC(CO)C(O)C3O)c3ncnc(N)c23)cc1,0,20000.0
CHEMBL3342661,CC(C)c1ccc(-c2cn(C3OC(CO)C(O)C3O)c3ncnc(N)c23)cc1,0,20000.0
CHEMBL3342659,Cc1ccc(-c2cn(C3OC(CO)C(O)C3O)c3ncnc(N)c23)cc1C,0,20000.0
CHEMBL578623,CCc1ncnc2c1ccn2C1OC(CO)C(O)C1O,0,20000.0
CHEMBL1814777,Nc1ncnc2c1c(-c1c[nH]nn1)cn2C1OC(CO)C(O)C1O,0,20000.0
CHEMBL3342674,Nc1ncnc2c1c(-c1ccc(-c3ccc4ccccc4c3)cc1)cn2C1OC(CO)C(O)C1O,0,20000.0
CHEMBL3342673,Nc1ncnc2c1c(-c1ccc(-c3ccccc3)cc1)cn2C1OC(CO)C(O)C1O,0,20000.0
CHEMBL3342675,Nc1ncnc2c1c(-c1ccc(COc3cccc4ccccc34)cc1)cn2C1OC(CO)C(O)C1O,0,20000.0
CHEMBL1814772,Nc1ncnc2c1c(-c1ccc[nH]1)cn2C1OC(CO)C(O)C1O,0,20000.0
CHEMBL3342670,Nc1ncnc2c1c(-c1cccc3c1Oc1ccccc1S3)cn2C1OC(CO)C(O)C1O,0,20000.0
CHEMBL3134381,OCC1OC(n2cc(Cl)c3c(-c4ccc(F)cc4)ncnc32)C(O)C1O,0,20000.0
CHEMBL571630,OCC1OC(n2cc(F)c3c(-c4c[nH]cn4)ncnc32)C(O)C1O,0,20000.0
CHEMBL571756,OCC1OC(n2cc(F)c3c(-c4nccs4)ncnc32)C(O)C1O,0,20000.0
CHEMBL572317,OCC1OC(n2ccc3c(-c4cc[nH]n4)ncnc32)C(O)C1O,0,20000.0
CHEMBL576702,OCC1OC(n2ccc3c(-c4cn[nH]c4)ncnc32)C(O)C1O,0,20000.0
CHEMBL572327,OCC1OC(n2ccc3c(-c4nccs4)ncnc32)C(O)C1O,0,20000.0
CHEMBL571406,OCC1OC(n2ccc3c(Cc4ccccc4)ncnc32)C(O)C1O,0,20000.0
CHEMBL1688499,CCC1(c2ccc(CSc3cccc(C)c3)cc2)Oc2ccccc2-n2cccc2C1=O,0,21400.0
CHEMBL151553,Clc1ccc(-c2cnc3c(N4CCOCC4)ncnc3n2)cc1,0,22000.0
CHEMBL1688572,CCC1(c2ccc(CSc3ccc(Cl)cc3Cl)cc2)Oc2ccccc2-n2cccc2C1=O,0,22500.0
CHEMBL4205360,O=C1C(c2cccc3ccccc23)Oc2cc(F)ccc2N1Cc1ccc(F)cc1,0,24700.0
CHEMBL304179,Nc1ncnc(NC2OC(CO)C(O)C2O)c1[N+](=O)[O-],0,26000.0
CHEMBL4213199,COc1ccc(CN2C(=O)C(c3cccc4ccccc34)Oc3ccccc32)cc1,0,31600.0
CHEMBL4208269,O=C1C(c2ccc3ccccc3c2)Oc2ccccc2N1Cc1ccc(F)cc1,0,32200.0
CHEMBL1688577,CCC1(c2ccc(CSc3cc(OC)ccc3OC)cc2)Oc2ccccc2-n2cccc2C1=O,0,35000.0
CHEMBL1688513,CCC1(c2ccc(CSc3c(Cl)cccc3Cl)cc2)Oc2ccccc2-n2cccc2C1=O,0,40000.0
CHEMBL4216137,O=C1C(c2cccc3ccccc23)Oc2ccccc2N1Cc1ccc(F)cc1,0,40000.0
CHEMBL4215567,CC(=O)Oc1[nH]c2ccccc2c1-c1ccc(C)cc1,0,50000.0
CHEMBL4217051,CCN1C(=O)C(c2cccc3ccccc23)Oc2cc3c(cc21)OCO3,0,50000.0
CHEMBL4209197,CCN1C(=O)C(c2ccccc2)Oc2cc3c(cc21)OCO3,0,50000.0
CHEMBL4212073,CN1C(=O)C(c2cccc3ccccc23)Oc2cc3c(cc21)OCO3,0,50000.0
CHEMBL4204332,CN1C(=O)C(c2ccccc2)Oc2cc3c(cc21)OCO3,0,50000.0
CHEMBL4217077,O=C1C(c2cccc3ccccc23)Oc2cc(N3CCOCC3)ccc2N1Cc1ccc(F)cc1,0,50000.0
CHEMBL4204838,O=C1C(c2cccc3ccccc23)Oc2cc3c(cc2N1Cc1ccc(F)cc1)OCO3,0,50000.0
CHEMBL4214720,O=C1c2cccn2-c2ccccc2SC1c1cccc2ccccc12,0,50000.0
CHEMBL4213595,O=C1Nc2cc3c(c(Cc4ccccc4)c2OC1c1ccccc1)OCO3,0,50000.0
CHEMBL4203924,O=S(=O)(c1ccccc1)N1CC(c2cccc3ccccc23)Oc2ccccc21,0,57400.0
CHEMBL342620,CCC1(c2ccc(C)cc2)Oc2ccccc2-n2cccc2C1=O,0,80000.0
CHEMBL329653,CCC1(c2ccccc2)Oc2ccccc2-n2cccc2C1=O,0,85000.0
CHEMBL482735,CC(C)(C)Cn1c(-c2ccc(P(=O)(O)O)o2)nc2c(N)ncnc21,0,100000.0
CHEMBL570790,CCc1cc(F)c(N)c2nc(-c3ccc(P(=O)(O)O)o3)n(CC(C)C)c12,0,100000.0
CHEMBL4759496,COc1ccc(S(=O)(=O)NC(=O)c2cc3c(Nc4cccc(OC)c4)ccc(Cl)c3n2C)cc1,0,100000.0
CHEMBL519503,Nc1ncnc2c1nc(-c1ccc(P(=O)(O)O)o1)n2CCc1ccccc1,0,100000.0
CHEMBL327869,O=C1c2cccn2-c2ccccc2OC1c1ccccc1,0,100000.0
CHEMBL32718,O=C1c2cccn2-c2ccccc2SC1c1ccccc1,0,130000.0
CHEMBL1688587,CCC1(c2ccc(COc3cccc(CCN4CCCC4)c3)cc2)Oc2ccccc2-n2cccc2C1=O,0,150000.0
CHEMBL139532,CCC1(c2cccc(C)c2)Oc2ccccc2-n2cccc2C1=O,0,150000.0
CHEMBL1688586,CCN(CC)CCc1cccc(OCc2ccc(C3(CC)Oc4ccccc4-n4cccc4C3=O)cc2)c1,0,200000.0
CHEMBL1688495,CN(C)c1ccc2n1-c1ccccc1SC(c1ccccc1)C2=O,0,1000000.0
CHEMBL611878,Cc1cn(C2OC(C)C(O)C2O)c2ncnc(N)c12,0,60255958.61
CHEMBL608627,CC1OC(n2cc(I)c3c(=S)[nH]cnc32)C(O)C1O,0,154881661.9
CHEMBL610114,CSc1cn(C2OC(C)C(O)C2O)c2ncnc(N)c12,0,741310241.3
CHEMBL608926,CCOC(=O)c1cn(C2OC(C)C(O)C2O)c2ncnc(N)c12,0,1000000000.0
CHEMBL608326,Cc1cn(C2OC(C)C(O)C2O)c2ncnc(Cl)c12,0,1862087137.0
CHEMBL611870,CCC1OC(n2cc(Br)c3c(N)ncnc32)C(O)C1O,0,1995262315.0
CHEMBL611551,CC1OC(n2cc(C(N)=O)c3c(N)ncnc32)C(O)C1O,0,2187761624.0
CHEMBL611270,CC1OC(n2cc(C#N)c3c(N)ncnc32)C(O)C1O,0,3235936569.0
CHEMBL62099,Nc1ncnc2c1c(Br)cn2C1OC(CO)C(O)C1O,0,8336811846.0
CHEMBL608925,[N-]=[N+]=NCC1OC(n2cc(Br)c3c(Cl)ncnc32)C(O)C1O,0,10000000000.0
CHEMBL611873,CSc1cn(C2OC(C)C(O)C2O)c2ncnc(Cl)c12,0,14125375446.0
CHEMBL609519,[N-]=[N+]=NCC1OC(n2cc(Br)c3c(N)ncnc32)C(O)C1O,0,15848931925.0
CHEMBL611869,CCC1OC(n2cc(I)c3c(N)ncnc32)C(O)C1O,0,16595869074.0
CHEMBL608043,CC1OC(n2cc(Br)c3c(Cl)ncnc32)C(O)C1O,0,19952623150.0
CHEMBL612198,CSc1ncnc2c1c(I)cn2C1OC(C)C(O)C1O,0,22387211386.0
CHEMBL318043,[N-]=[N+]=NCC1OC(n2cc(I)c3c(N)ncnc32)C(O)C1O,0,28569326346.0
CHEMBL612193,[N-]=[N+]=NCC1OC(n2cc(I)c3c(N)ncnc32)C(O)C1O,0,28840315031.0
CHEMBL612189,[N-]=[N+]=NCC1OC(n2cc(I)c3c(Cl)ncnc32)C(O)C1O,0,112000000000.0
CHEMBL611880,CC1OC(n2cc(I)c3c(Cl)ncnc32)C(O)C1O,0,331000000000.0
CHEMBL607751,NCC1OC(n2cc(Br)c3c(N)ncnc32)C(O)C1O,0,5010000000000.0
CHEMBL610115,NCC1OC(n2cc(I)c3c(Cl)ncnc32)C(O)C1O,0,10000000000000.0
